0.9174961115598856,0.9774669242657055,0.19718432192099877,0.6395194770381302,0.5919238300413493,0.5259579680760075,0.2417041158345713,0.5802774147888144,0.8391812971213838,0.07737562402107812,0.5658801141569657,0.879696313716443,0.5275505716646242,0.7649106235136425,0.16627164406149353,0.7599167728325655,0.9081443252918262,0.6843754658174778,0.4801219613273605,0.14315296425618051,0.13948362208607623,0.4580119333822258,0.8227897258572484,0.8987976812076138,0.5671837284541527,0.7397239396200272,0.30373827163194267,0.10844097644284689,0.8658250090172783,0.04554410873690473,0.5321253829138977,0.40164261272515656,0.9972717885411868,0.1674739116917302,0.11891053953182484,0.9031832521322193,0.9900127072775008,0.8227609833748531,0.8673593524583506,0.42593988236582625,0.6073261463035726,0.45903887042737956,0.044508191898711136,0.4287008308485174,0.45473931630793407,0.4631599389144132,0.32917930508999094,0.30224398244786876,0.6760048560019634,0.9357638463221182
0.097779108944546,0.361637851143476,0.8624395787156154,0.9984942231137688,0.15252384135994002,0.5460608660438026,0.7870780992442953,0.3814298160380536,0.33363593428992444,0.9724707904693369,0.23750649160845616,0.3196797711700302,0.6055527340322325,0.054963007491526494,0.17787594163308684,0.4921456409486479,0.013229335944386689,0.9162720027374816,0.6354337462486178,0.7343410162528806,0.21743783444443687,0.34488774837648806,0.7034784919206163,0.03272559903551908,0.5322038841584809,0.806024500681784,0.8739408812928808,0.3402342639047863,0.7790678490223053,0.7588668814320683,0.457090679679775,0.341221646632346,0.5321776402870024,0.3428930021563813,0.6347768183596626,0.8784739072553716,0.07276540386121966,0.9116363319006984,0.7145329321015683,0.9681935635934495,0.10718742781054136,0.338776001844594,0.7942989640328103,0.5128498997339538,0.03853508819718954,0.38667972774052917,0.5739245302709398,0.41648068515742975,0.15031004928512826,0.11060738080956145
0.8715490003523855,0.6323140468761945,0.261001545904197,0.24229978921607698,0.6885996477252639,0.9073746547988304,0.6875144649435696,0.9219389850318612,0.7141378119545392,0.40680576933938606,0.9226391754373077,0.45361612800746154,0.5205500364823563,0.19353389504036134,0.47348906710040783,0.20417349661119644,0.1596699001270654,0.44287513065940776,0.9812056064328,0.20918777845049585,0.8182683575277069,0.01364937158847701,0.41177702194590904,0.25522821554254116,0.7921450071096068,0.5697173085810131,0.21071549245633636,0.2717154256643688,0.7557856818626997,0.28779271102355186,0.7782170535430734,0.8269996376253607,0.918251829310917,0.48459661449753044,0.2949826877590037,0.6151079104240629,0.4442374495411514,0.05929821770751076,0.15358922082544368,0.40769338721596393,0.5135418734774132,0.4019795545030269,0.889111852068942,0.12440232358234371,0.04341894441664029,0.11026069874013278,0.2779275279909379,0.6797024804849708,0.9257828758628247,0.604018346653574
0.9673184603650765,0.33520742654895885,0.060576200755536824,0.8302055699334695,0.5972598505666945,0.9857106211311905,0.2037303261741903,0.49050550412327576,0.41925723737694176,0.7187513510808586,0.7832158666223634,0.33833526897031374,0.3949468798681378,0.6531876644744772,0.7553963390038283,0.323476972538993,0.48600092967391284,0.37050745531945695,0.9850077944839709,0.2713560251699859,0.6100362342100949,0.27794574447154075,0.4915029905075109,0.06440354678455806,0.4991304291989723,0.7316636827806362,0.505128018680309,0.8506940633825206,0.8015091377703876,0.059448706223554026,0.8887345282111718,0.7591383408670983,0.9849106436224474,0.5819616302656702,0.2571373557602311,0.6087851400706423,0.3537331228822761,0.04541050030998517,0.18994372758059097,0.4316077123220634,0.3228772234978604,0.18562448567780798,0.37499683064684897,0.9881084618221172,0.03482176588001806,0.6852521560367748,0.9490562981846438,0.8918129161035995,0.8867310981317899,0.6961674003907026
0.773475357204266,0.06578303274322927,0.4634313694050295,0.40549447631860747,0.17102426436132767,0.8207142345009837,0.5065398473669269,0.697735646792781,0.21871242202864827,0.10367745842203946,0.1603824526465042,0.405058033281142,0.05051634659873094,0.08163159705192835,0.484244236214069,0.8280009228154334,0.6630183865682228,0.8600352132186714,0.11708866297684617,0.18241299816199197,0.1800154541069452,0.0012169308915070953,0.47336473438511506,0.13739448380686636,0.7986581786617609,0.5325532241698432,0.7072628905295867,0.6025393835151938,0.9256281123573065,0.39791568793808807,0.9082213427326155,0.4676986022862827,0.3738517793489563,0.23853306230726823,0.10856328147760286,0.047301375674343005,0.8405279889257763,0.6349141673277935,0.562167534971809,0.8365236752074484,0.023137813663002937,0.7147687488265078,0.272702277211856,0.8597735558896537,0.1661080356243798,0.6139225511442962,0.2758596670491297,0.3638562264181223,0.8179588490604699,0.1560646913895073
0.3264451397176692,0.1393113990072834,0.21224186997959715,0.18145648078241106,0.07000539598310285,0.039260694247823524,0.238176928199899,0.9135949198529885,0.5837299437467525,0.8801319374239248,0.7806097438255752,0.9977317039233212,0.7632175570617794,0.8245681290124188,0.2850209338609825,0.5288550534468188,0.8841006805255316,0.7857855308974276,0.434880111271007,0.8259254175877856,0.4559086035257768,0.4488703309188242,0.8139528499652088,0.8310770618608103,0.5103143088570269,0.4765448011655208,0.5757230222913884,0.6420209099753584,0.6340635921798611,0.9270748037797599,0.5965837455795284,0.7196984488326089,0.9916775392199009,0.5161908243519486,0.47318850133941204,0.6228302563420197,0.2689658615911087,0.9979240398816852,0.13330598661170034,0.582882549040337,0.45353155151263735,0.4235921709920486,0.712648892764633,0.756034811840304,0.9672581455895554,0.24675787660942328,0.8404595362160605,0.5571551837673266,0.2444873900850657,0.07798713345181851
0.22119152143348852,0.8320796065615209,0.5345290040551685,0.3770440638487823,0.7775501621257547,0.9100080197801436,0.07057466106132881,0.8793374161295364,0.8061666675428099,0.10531706967907573,0.12428435801173376,0.22079440255987315,0.00174749245740069,0.5292256256008805,0.19696905933394093,0.33920352424976374,0.2502003115858451,0.25233711198762554,0.09335901400936619,0.8613556772170229,0.22885677491535428,0.15381691415112808,0.6719842918463279,0.50879245535887,0.09075723280902193,0.8022655942020679,0.6200375479264366,0.6713740447502236,0.2933022426742219,0.7498944068536972,0.8755810309176908,0.559226175733775,0.6435017129203489,0.6093428427485306,0.14047050536103733,0.972472698861756,0.901306644175115,0.012731835815358084,0.8824022194763227,0.7377334044639063,0.118438072320737,0.5283090004430022,0.4182842939233581,0.7670248934171048,0.8211411655201741,0.14228855392006512,0.31318094277590836,0.5029936642877842,0.09050624112025285,0.8253500054514153
0.5833691987806368,0.6519860062464368,0.36428499822406635,0.22157721308641054,0.5507534262547071,0.8331097315309407,0.003210944408161165,0.5403810721013625,0.15473945790614263,0.08820718844448971,0.868290353093929,0.6694442832085344,0.5962165236109679,0.1128909013736189,0.8724731015622146,0.2842400584425323,0.634850831696568,0.5452356232049729,0.45349514579952677,0.18285685110550653,0.7468974147370456,0.8181807211648392,0.46053034619988953,0.4575971439213081,0.46357285013434857,0.9025748554607274,0.4722162201895118,0.11070875120139456,0.09759739355477948,0.3847159919847585,0.5753606595215374,0.5642391611723441,0.7234222768442499,0.005761530987065666,0.8747587325530587,0.6352392651757758,0.5416513366193795,0.8975694852005939,0.06669755014772838,0.0825597216729822,0.5194939018760502,0.8008107080599035,0.20662230577729934,0.3172881965673803,0.981656623538483,0.609318492824672,0.9609074243674255,0.07855380824999347,0.7661434051482322,0.2665851538667885
0.3872044958460803,0.7426114081655494,0.5240893089153024,0.27600613090427184,0.7356800654604468,0.2406361261029063,0.6215382293671214,0.6157891695215921,0.49635085417951286,0.7047092572766195,0.46318799738288774,0.36213210748731006,0.2529356008970087,0.5736183044598354,0.6058921733151013,0.1868682677298339,0.777650590416302,0.5612282037192371,0.129149035104012,0.5044598348151382,0.27770623757149426,0.1251957097853621,0.27536665672243577,0.43096641865438823,0.8890515308799124,0.015021870133299142,0.6436428388149565,0.09496447589828938,0.6171996847728596,0.0956758182915387,0.806877042638683,0.12223593172478842,0.5054939808730177,0.7951723140056862,0.3500768973126207,0.3429734670854411,0.012586128223844528,0.9110205732824066,0.79263809519486,0.0841904773451555,0.4980274822701979,0.4596573103646878,0.6745953989009773,0.4286629879686443,0.3464935016997225,0.6940422279145355,0.17330067695691165,0.7855596141502751,0.5670684681558659,0.7658354311404449
0.9373769992474726,0.3985279791387184,0.35859654769296845,0.22996576592377715,0.443597334218067,0.5068308400761993,0.670790859403233,0.4652692703992768,0.3458361866133258,0.9832965365911055,0.4826759735451873,0.0985825709856234,0.03645413111940199,0.089077882020004,0.4046104106569157,0.08480143739976476,0.20016173648504876,0.11263335091350912,0.3559016489019502,0.3492820579566669,0.8349176146772864,0.5663545385323513,0.79090653937214,0.5503160978480621,0.7335388526736926,0.5184884431664667,0.9652061968851665,0.5097062662752566,0.24991946259604736,0.2983388120313244,0.3345657365200705,0.06647644047861379,0.577253240481113,0.9614470503499666,0.9937030739931728,0.9086165745590956,0.37279260203084374,0.6774131796545441,0.14934919674004843,0.03876054075114277,0.25687089270812813,0.22364744256973024,0.23809425847135512,0.07423290747793398,0.12232649313064314,0.42938005409311875,0.09632127455113448,0.38144774300616746,0.9241183640120413,0.6012835541495797
0.28292394711755064,0.10561155014930601,0.9342689328861411,0.48419429405340153,0.03379923032611265,0.057996628108996195,0.6703996507295046,0.7074408237306757,0.4313482046510817,0.6942038637905624,0.09874147951850587,0.7511071982670399,0.5531437837085633,0.6894972942582144,0.0004457045320863662,0.7965748250926447,0.17328242122174264,0.8742003834406904,0.8994906534840499,0.2512179154677814,0.20911597757950207,0.8351405052437874,0.22068651121542748,0.09179765937732765,0.783025422506411,0.05640596777359952,0.31097981636371397,0.7855253379260073,0.977992161445777,0.3528517910588225,0.02329248451763355,0.1786173329801607,0.9515619487950294,0.21775084453363447,0.19230807841098396,0.7454924987052555,0.8858665311092301,0.9829568108132413,0.6827436195095584,0.24684309639752688,0.5554166338271713,0.06013259955134076,0.5311746367016478,0.8109044205197861,0.44093429663439243,0.5015764693737441,0.4951125317140538,0.26131629304221204,0.943353964671694,0.14340780931368735
0.5622211203887946,0.40141384230982535,0.8378898384095199,0.8496050467797983,0.40150752935967393,0.6783947340545964,0.6582703936335176,0.6731080757570584,0.6809813479466859,0.6649357083896047,0.7322638723031177,0.0026983084189019513,0.9934392833473139,0.49686659312559667,0.6607253784197146,0.427083420230325,0.9729268185291254,0.5056365107246852,0.9486359573144911,0.03600335170775881,0.21971814750603325,0.6106062592521984,0.6144521756702377,0.8850646975156724,0.39070201268684746,0.8444271109351552,0.06279082520877843,0.7119628952673771,0.5349013604098225,0.03007654054273079,0.9666277582277899,0.0028523502868752493,0.3592490246412524,0.2692319735326043,0.7188973200559394,0.06390775110655333,0.7154327955686922,0.21360297147612817,0.18579819157013056,0.547166593040591,0.5984449381194069,0.7126467023049972,0.5404866479588178,0.9572445103237898,0.16323270017884872,0.3534381690434405,0.19502384209483314,0.35087409068779796,0.22411964985623523,0.29596395715181334
0.353297316551644,0.5340932444722023,0.8545961240793387,0.07493105760713425,0.07556590305477562,0.16291766540106944,0.8022439036728487,0.04339102682981766,0.25788490491100347,0.9165881497762087,0.28020028109895534,0.9880617723747138,0.35913799547244785,0.48678676677898847,0.32525861834596925,0.7658904556277519,0.1445733673771622,0.6364991585236874,0.5859832701092371,0.3895286528982882,0.363866475376155,0.8145191911686114,0.5472891488036412,0.7720080143851251,0.7637276343371323,0.029212630357554725,0.21918620091112573,0.7180427628690816,0.09037681562587085,0.8925129332435996,0.36959845432750205,0.6004439755734725,0.8675424489852465,0.9857876191860865,0.36272596048751904,0.44495246610356165,0.8942387454508951,0.7195272608099659,0.7632892857484841,0.8278936429156728,0.050106715251644784,0.8018362689207695,0.9461978953461598,0.7361346046993665,0.6451519276382881,0.01873975218728341,0.7340681486324743,0.9633573718312498,0.6070099506102611,0.7552486924182177
0.16785811608070988,0.5568175187557192,0.21884563846425453,0.12394150294212525,0.5846211953810809,0.5613789151435559,0.07161741651452835,0.8426377761824645,0.41982306715590956,0.5808907539516803,0.9425426736842282,0.0274497784116009,0.8211313290617572,0.16473714670269313,0.9767737094703499,0.6443929521856324,0.5333736040579596,0.7019523920701056,0.17920587046161607,0.9982997564203391,0.39943159910100445,0.27971180798275685,0.4727133039637864,0.49692123108295316,0.27541822564296736,0.19195518163066827,0.7301827617811111,0.8551991569795382,0.0427757894982943,0.14000450777108986,0.08815175185725899,0.4911202993463849,0.7234628774453467,0.45737576273144276,0.7304989449138171,0.9466816828256839,0.1548688876542812,0.1226255648809692,0.5858079630265148,0.6722909522827418,0.21168726048565434,0.3229633761077384,0.39715874376885385,0.7968584530779874,0.8390441660504648,0.42601112188231927,0.4860571735774618,0.23451948358060382,0.4432195874661685,0.8190366742835821
0.5416107090380252,0.5581551230222505,0.7993613339405865,0.7284077228121345,0.06060629020508246,0.8749830407309445,0.33554465816717116,0.09124948428500335,0.5173990506638596,0.9226517029705772,0.337676058088614,0.9262271082508932,0.9156984855480351,0.23990553136559323,0.42529415155493133,0.5120589683582648,0.45982660520222607,0.9615771528170908,0.23616750222688965,0.49792650752503,0.3266599432191287,0.3121705039946885,0.9027178825549166,0.9898659534409736,0.48749168997928827,0.937498371633846,0.9467915384709024,0.7613385488029882,0.5791740574100754,0.8750879916242962,0.502724895344244,0.7149560091256902,0.5402290891251935,0.16912833778160308,0.02203261461774364,0.9751132744263382,0.6799326114631792,0.9380700595927192,0.07114814102704814,0.5067945408043927,0.7796612150724719,0.7033198282084449,0.9531535655227681,0.9940165800804134,0.8426699360562522,0.08235469662365802,0.5284432323161549,0.5856279742668169,0.7469125730902103,0.6923370829638194
0.6342799711475461,0.4420149602999781,0.5955251417852877,0.008815995918497133,0.8774790331884087,0.9388553146425216,0.6327690573974868,0.00632531562230787,0.8769886133392863,0.5695488931276521,0.9040554006411331,0.8613057349358186,0.7577996410158059,0.20087161753833793,0.7555581086882504,0.47787971428404563,0.399538136301266,0.652235162029264,0.22023410563128176,0.5552712043980801,0.24131232591824858,0.5450667727606602,0.44254391097644563,0.15180933137993102,0.28741178002584544,0.8304178689501521,0.42003789386327717,0.9523946792580635,0.9685076930834736,0.40388386292796397,0.6396342305832461,0.1931674457421204,0.333517297063069,0.015090555811744344,0.6899649351207273,0.1662510386202879,0.1680764608162595,0.29485302413133485,0.08345487883342761,0.7329927170984124,0.34468242697223206,0.5636767410134949,0.4984922776495381,0.07733580648875771,0.8359176235282761,0.27311140399225864,0.9659740619092497,0.6772540708791632,0.8339374295496811,0.31963819834645635
0.04799908426206334,0.4416258785943785,0.7212025665011842,0.854806961741998,0.4635031080047579,0.06561156483056796,0.3107428301816767,0.9839139524580146,0.20241412555320548,0.375156320347091,0.47194485315749324,0.5359327434766553,0.9434595418028463,0.4528228284104683,0.6706163621679813,0.8484862359578552,0.4907725941644042,0.7210153030854091,0.29825632663331847,0.17592849455960213,0.8604136865421267,0.22389974600329554,0.16471382505894538,0.17652526532517865,0.851505572063402,0.5342183752524059,0.548236365970887,0.5583132183001764,0.6853159863842627,0.3783647358613845,0.4676987922908592,0.9376231156202091,0.6619517698663189,0.9863614929066947,0.9098917664410225,0.6289629907215215,0.9943800325369827,0.569390391830848,0.4595042619761057,0.852644156581082,0.05220575743750022,0.9265846430550828,0.560399919836525,0.9191700882047898,0.299900306633207,0.342542476096132,0.8321432139222119,0.5387200338264911,0.6117255797216056,0.6709551914919094
0.44645632553076664,0.9346049923563461,0.07878180809177704,0.06285210454774626,0.516650373625893,0.7318255464596427,0.0030996564132309556,0.9837463958266331,0.702160961622033,0.7465497703630861,0.6115140284023858,0.8680060956193845,0.3867856690051137,0.5525374832503468,0.7045090074147659,0.6451274628737714,0.5213016943508679,0.3786814458175649,0.08327174578737662,0.4526115288628776,0.4034662394011316,0.20124631689215122,0.8133076894859282,0.03341548631384683,0.6000020287315945,0.2618597687605152,0.7319037227778695,0.02217562794317851,0.10791171475464156,0.8906321633156811,0.16170766080243204,0.613048209782733,0.6473893404746491,0.0179375254644365,0.6344534860380882,0.23712720813815225,0.15129862238606895,0.2671676697791583,0.09697259382199863,0.17230009160383064,0.520414144793459,0.041872373909659255,0.45886436255019825,0.0289851948332549,0.2529655144584225,0.9977762324327741,0.5471694286023684,0.1450512964243299,0.86162494053372,0.3053710361188734
0.8904576219408313,0.9928756847398504,0.12596674821082443,0.354725132761334,0.6595423459034302,0.45592842416962875,0.39282399931176903,0.5211642342928018,0.8810855064766856,0.838888595418614,0.8616344533786555,0.3160172615339739,0.5572253036214857,0.1655786837249391,0.47836485134539364,0.5448589118237827,0.350913452111393,0.824875780445632,0.9180753095279189,0.09704865021902531,0.7794013507264378,0.3774390068952703,0.8832944136646419,0.24751608288748517,0.6739121282696869,0.4427170445876186,0.6878511396388942,0.6536842125828511,0.24491417027353735,0.2800371336206594,0.2626382125524256,0.7747485513991467,0.36810703826172464,0.8204638264662496,0.04872666455408503,0.3783545310122898,0.09139659098930142,0.08519412752592925,0.1761603870624,0.7004765902108443,0.10667682235087217,0.8015043022261464,0.2684939778385982,0.5950436381625946,0.6134470388689537,0.627766610802796,0.8025953374526961,0.015934375160158276,0.07853967766996017,0.5938024305624241
0.5627099770125353,0.6017283725943907,0.5101919253052348,0.6670825452672131,0.6544316303068036,0.6230956198138284,0.10692008735612302,0.06899816956901472,0.29021975946786305,0.8838303759332272,0.7199490095438978,0.05138254152805266,0.6944390660250399,0.5216777076029477,0.3165798243668284,0.05650244608256427,0.37159908231210637,0.20503765583520717,0.6399812000625712,0.6895428948974736,0.17280545464695707,0.4016585907781989,0.5401705595110167,0.10051395991260192,0.3019668532942239,0.35839368313109377,0.9975480600855371,0.6471769179342934,0.05508138075337654,0.30689590071154194,0.8523277061189507,0.7167682960809296,0.0007567160710135745,0.04066899057657225,0.9143532689582058,0.6625813529750383,0.08404167206875213,0.01638541111484837,0.8346236260028845,0.4858004058180123,0.11603772871095519,0.20735533184690602,0.20246332954653523,0.05327749047580388,0.6842866276461922,0.02549082670945757,0.633973286499648,0.7289716282229542,0.47889502498609926,0.7068961297362375
0.5729992928545289,0.4691438406245835,0.8104237907351666,0.37126802891549515,0.3227455037082646,0.8479694935544836,0.6334603804020138,0.5332654752761605,0.5307931202402589,0.45803237614600256,0.724495919783239,0.6132670145858231,0.040593112462071645,0.3702151891335905,0.3852818349314542,0.004143004198205236,0.7960638598150116,0.025225935966859958,0.012431109830886244,0.8998196682230207,0.607886192321992,0.30975635757802433,0.869510211233157,0.23304168155436278,0.8089704629508344,0.4996369495631148,0.7843128195065461,0.7253445027513338,0.9914294527951873,0.45584222273147634,0.7501508171120981,0.7881155668659576,0.021896865484892558,0.07098898007017962,0.7166395809161602,0.7921300672942776,0.09811108844833205,0.47403744814005155,0.47675981339422824,0.8853954160391784,0.36852013310873866,0.7380738430234729,0.2706772113890804,0.39403741501831624,0.43877657994332386,0.41160618457573506,0.23728234941583326,0.1628965655698984,0.022138748451694834,0.5496704349505784
0.5599570100046904,0.17524469613071647,0.49123974902242606,0.4135370551506313,0.6259266336330778,0.726987025858385,0.2950140005763262,0.392389610672509,0.15436098752098593,0.05027741680701803,0.010980823964366504,0.5237184016969841,0.6992609629878315,0.9309161906949539,0.5790644255332303,0.4587675143488227,0.6929606017909645,0.9710666906539585,0.6282890993377627,0.700520702509192,0.6652436251907619,0.03489337502498879,0.15273505825704448,0.6550778321751705,0.5044314068162847,0.32325779757475925,0.8474608880308294,0.6918822305127164,0.4097230595459501,0.369329585905672,0.09008729453421038,0.701837044882211,0.25390249573782897,0.49680504267014336,0.1318641916969061,0.21789799652071917,0.34507210712813763,0.982258529817322,0.461181398553521,0.9055746848955706,0.1655200979574042,0.2304890995036284,0.2638486170476768,0.7776190796617328,0.3181290937178394,0.09029357693175644,0.9666981073299455,0.3722165784549851,0.7885041123226529,0.6916125669485109
0.28930601146077395,0.8251921791820528,0.07278907765304055,0.17428401134024052,0.1601139711402214,0.47905958861386566,0.9288318286393027,0.9478774357234466,0.5257373888299479,0.11383669317046763,0.4674147797352066,0.012550496521055998,0.7484078778395395,0.45779116873790526,0.48896638464611675,0.4977542717089025,0.8360226000911439,0.8628955730496244,0.6892924761709313,0.882807386231469,0.30957393814390377,0.9628404126914643,0.7078927961156978,0.11071846007396124,0.21752209531840072,0.8439696934372188,0.3868760016022651,0.23586223930311734,0.660827101383781,0.463410981013893,0.41063639144733943,0.32508908664305336,0.4162632763026527,0.5023530741970764,0.19299506546874956,0.7624460558743005,0.6878829988891595,0.7765441296511431,0.7927321326022984,0.8385821237304241,0.6296584922055929,0.6071686972231862,0.9124410148874936,0.09781412368993392,0.7996897796663459,0.29535978056040924,0.618009326548744,0.2148742643189392,0.18362754674256343,0.09385621902359675
0.31199142043525285,0.5303458627663094,0.448656783793156,0.6922765204933522,0.35053048194837355,0.2867701725809021,0.9890144858878741,0.2841434302099959,0.4085347543967933,0.21825961653414339,0.7399391994916195,0.4250459100766729,0.46359636982381425,0.3296308198287162,0.20918092350974338,0.8395684057571517,0.02871416151773154,0.38440626999767913,0.17454697245774398,0.3475596179328504,0.20508328298037348,0.7070754456214553,0.8234650523487775,0.3321445797493422,0.8131288019885047,0.4573298588915573,0.1187269558865105,0.02241405119498352,0.4005844681992785,0.07911859701767798,0.6998336572388213,0.506689785024729,0.2445683067185439,0.7155807263643542,0.29957869130636183,0.9488782784103252,0.0533631337720154,0.049227485587997166,0.35286980663195855,0.5907463000506569,0.4911013204044148,0.04456823992009984,0.8961165816382,0.3930741133338035,0.07159010618480055,0.7334881740410314,0.7480556543779251,0.8920454324436661,0.33229843223870714,0.09386017136839275
0.8319342387301766,0.8111920890035633,0.1558098718320493,0.9481953099822032,0.11264618080964783,0.0005295965223797161,0.3941900217789641,0.4742993535436725,0.5972973019736254,0.21166952227316205,0.9330499049381413,0.6951872090191211,0.763815723122876,0.8505293085632967,0.8485333944613073,0.3581705072925231,0.5302725375737243,0.8736297871654141,0.2364809432594428,0.07373327052576073,0.7107790172346548,0.8601584589444413,0.18768757316917628,0.6576221552327958,0.4619759065141752,0.18254438391378935,0.7461168081565888,0.3698496897025506,0.47527220208702725,0.46971825829512104,0.2961175817328695,0.46384104649966296,0.3588910162494381,0.16826319130159806,0.45314041221961976,0.23369797967626027,0.7537487729434295,0.3257591688156155,0.2235432721536842,0.8282106071763788,0.08759347676764939,0.033469565257052025,0.7207132737158887,0.45289208968293515,0.6535953684760729,0.40806389624372474,0.5258415994805451,0.7130065965854415,0.20398236868976727,0.48998218387793624
0.03548353052658837,0.9663523623237218,0.4290167496074445,0.24224556264146813,0.47203792206713413,0.608533384277379,0.6130790964480328,0.457652440968191,0.6820736102023626,0.45231967513708704,0.060550657098032756,0.9859100606007839,0.9041355102143022,0.06514968137454136,0.44739548681693697,0.41090005563443266,0.9061661494414907,0.5944182180315521,0.023529054447323672,0.4662130512221764,0.3085150988211647,0.26211067162719537,0.6009221058761431,0.46367476046701095,0.20766321713377134,0.9722114338581778,0.2554235838972462,0.642092666688555,0.12088994910565831,0.4723714188401359,0.9206944467676286,0.7873996015337144,0.3784965997196642,0.005424862906443284,0.881666253730638,0.4444809157017042,0.013529546045049523,0.39982728620528263,0.28744806155516356,0.021197544308655725,0.8122179099826646,0.4163278034823643,0.5966316310069109,0.8448725323163679,0.4683323270363906,0.2574703048517887,0.5019928816706105,0.9274261625839869,0.4114910564863197,0.022090343609568075
0.5906176170754228,0.38631165630481945,0.18561574664610225,0.3748329374971979,0.4010975983238776,0.7769908331294166,0.9720522169342511,0.15739189895097094,0.713138199783445,0.29761914479884166,0.8102188049425277,0.9504259572501879,0.14003304557552465,0.2650399399782456,0.722995528803709,0.9553608251616424,0.7186601799208011,0.2520237937288953,0.9896414332004608,0.8687429122824321,0.5309948997885322,0.27208008824823304,0.15517782688523973,0.8515732444240165,0.8361965631739117,0.5506526426526381,0.0683000391248536,0.030144428656008304,0.8895288533484329,0.00012259365017786017,0.48419172402385025,0.7067653724746409,0.43092485683735804,0.8923813551273181,0.13167144196700276,0.33703008911909593,0.2632669104944989,0.3507340639241744,0.919482116991808,0.3736236794345421,0.3829064586075659,0.9725381524864829,0.6446449678331655,0.9472916679765949,0.15781539422675828,0.9433681701082617,0.22973992194948556,0.03150768779678348,0.42232057971547565,0.4852783492728935
0.21739377691366402,0.24460959732406795,0.5792932593961954,0.25316912278557824,0.24054207179755227,0.7089491483735768,0.35521891988077336,0.49599869188884027,0.8469734068198692,0.7684712923612258,0.15193676092894182,0.5354016680158398,0.6406733731704878,0.6991910526777879,0.15323421851337427,0.8614247735135288,0.3861674584782362,0.2654947484997109,0.356937643026659,0.23662362779271828,0.18842598814650913,0.68511657664964,0.925953423394242,0.8392534933454321,0.12083105636798741,0.2688941664864424,0.8143222458121894,0.7030924719211842,0.9942901452659354,0.331203001180263,0.9732272939288591,0.5046453644445275,0.21220215387136498,0.9765896867811394,0.669842007669266,0.7229403847130659,0.9610858775713192,0.6516214626392568,0.14556634139753388,0.5948368528824683,0.2058994631537917,0.5959367654948616,0.11899287237033351,0.9770102439844186,0.5636673216762929,0.607219833804941,0.877406098031285,0.09860123524870279,0.13039849629312938,0.6322081604309319
0.6680271641934882,0.5964275008358274,0.9950386585842366,0.5585100655917073,0.8553543898649877,0.03255061727619213,0.31142322101509856,0.4238565307156249,0.5654621852440507,0.073154543258097,0.6801840953218646,0.4822758907402166,0.9452383554659936,0.268024333739574,0.8728790886709494,0.35033343584722876,0.7462141810460553,0.7550096958185495,0.6632004478332235,0.8599835446848544,0.7536786529856571,0.7006822323258536,0.31292673868805687,0.9986457300852776,0.5458506188057305,0.3356463593021307,0.6547644165427194,0.8480554066397872,0.34217960755631915,0.2898635973657179,0.49637965981836263,0.8517503951868048,0.958835839969723,0.5921449647562298,0.015057865985594332,0.0748252004846528,0.6056267329754483,0.8186552965599689,0.19723384417726564,0.6413838173992502,0.19218660864225978,0.5490730410740807,0.8134083428668922,0.05099250333900818,0.11751729037991532,0.12245140459952752,0.798980512829208,0.9589429648427652,0.9711908832106395,0.8200678047329084
0.8347102158275196,0.10511647711275574,0.8081232049058051,0.43771657993869006,0.6038400140266357,0.6669646822150515,0.01938444853067689,0.5689667496210699,0.5370296318709141,0.831624086914645,0.7724734330452774,0.1608667356546506,0.6954151376954474,0.9293428340846352,0.8458120359761094,0.00014792819101794308,0.8191363266839647,0.9654197276948713,0.03607655969108514,0.5276017308615468,0.3615650791744729,0.13514591026276868,0.7772893437496943,0.540774251897928,0.851692873541585,0.8143282661269955,0.43415794809067654,0.4724837871809425,0.7276496576902391,0.46682794479466694,0.47845048338142315,0.6822188786467404,0.41055688303366733,0.3228485309335104,0.6673843219942422,0.20108427514030391,0.6171571126191808,0.060368911004906156,0.8005540232890669,0.5533025664156491,0.17687515760800065,0.40652592918628705,0.7156692180649249,0.3766149803432557,0.8126546669253535,0.9135064057992176,0.6537346522964556,0.326872081140007,0.2812002177380283,0.2611150298918412
0.015006312325879567,0.317035205649731,0.3089591145205409,0.2988823147751164,0.8606766322882395,0.3880304839184763,0.947240343739609,0.8493166906654279,0.5042572240915774,0.8309821707180394,0.057110949714973325,0.34971021348424014,0.371291249802558,0.7980876853750215,0.9704126392683339,0.2742118297791375,0.032666011669953754,0.34324161870374414,0.3288992684608769,0.8079185673620777,0.04734380941328942,0.8552948750927054,0.1328910537212311,0.41128738087862027,0.9663634764305159,0.4486872831957186,0.5117584880017465,0.9241846042150833,0.45924228979769877,0.2685852926645349,0.6859037585332785,0.2187721926899696,0.4872428422009991,0.758894159189615,0.5484581161797425,0.5314856397069716,0.5498798454194621,0.9095722229703,0.25293114344393164,0.48649102844652214,0.46023549940962905,0.27681209346154023,0.3240919837512053,0.03565398011033105,0.40564349280085743,0.9196215998535212,0.5584024853588125,0.700513913911041,0.21562057793899414,0.7584551703457456
0.0016287555522198627,0.9945299647068673,0.7007046304914851,0.33286358502169855,0.15979278641196448,0.22918772554376454,0.14320697109488778,0.2514864123372832,0.504287403476043,0.9315165185415201,0.40875911855796954,0.24301192692398066,0.9268836050649681,0.4993460287717203,0.6578951842807876,0.8254844751659558,0.6420267162521046,0.03950659210472396,0.2766787312501382,0.5546163989008651,0.629934850784395,0.3192261594086784,0.31548690546748603,0.23659192700062948,0.8970819439731105,0.7593491595678417,0.07985051547396282,0.5567869921864794,0.9626200277951347,0.10582175385440118,0.19404370380122826,0.598940268765021,0.19552452585783897,0.15670838389109076,0.9399512111196756,0.36297448338390115,0.9641447469301684,0.4123770756229116,0.6674683940172772,0.04629910605365173,0.4386030298942811,0.6180474303000776,0.9438814115133067,0.7919012639034012,0.9159212841885844,0.7171799121243371,0.5345479848236986,0.3783877349103688,0.6637373376175465,0.7057878262627613
0.054095782120514246,0.42237797473624283,0.4816864904947016,0.5755723978022076,0.9994903356759871,0.7905374132716246,0.21487676369010444,0.3419436459730332,0.4296628617670978,0.7148348476328453,0.12884954933743498,0.4921538468460216,0.2761908163177035,0.7643893157085154,0.04771135331164633,0.35375426713029756,0.7862414938173118,0.296689859467136,0.7043568581116378,0.8579853134059988,0.6035650309320592,0.585433234473969,0.16073887525342323,0.8269756122664855,0.5528702459891667,0.9851805348597461,0.673483660586196,0.5667702883416672,0.5740791756178834,0.7611124482272328,0.36703336330376046,0.7119299407712872,0.24078425619054078,0.9235533843567121,0.5601790728015755,0.47535892842300254,0.7433507396565855,0.5861004903184368,0.8185224626127786,0.699570898886096,0.3683276104391827,0.6964561156248,0.08107179069593928,0.7296136556053806,0.17906507559500007,0.2413313866169896,0.5334742581338104,0.344284575326,0.740133473164864,0.9122226577022317
0.29733453460477366,0.4003816106899155,0.6203285519955819,0.3478567422492602,0.6628886000077111,0.046613101295842285,0.6959067992631122,0.3564660734424917,0.9092071030634732,0.8271134468236365,0.2526485460029181,0.7706275388636393,0.42484958735881795,0.7767870795565498,0.04383548801863846,0.8691679220465612,0.8110170322332811,0.025112540356853397,0.6021578279481673,0.9726442108276308,0.6977786092296002,0.36667451536692075,0.7613612468258494,0.6188871531197977,0.9959207571729836,0.3142269020186176,0.019847497555374405,0.7946655594393995,0.31255817751450266,0.8618800000297909,0.19621348692900853,0.7207381062695042,0.38534768519879536,0.7216820675078782,0.2254825224080781,0.11290523206237724,0.7827169453399109,0.9350083659823638,0.61471566729832,0.870643996233483,0.82292284758352,0.36225885346469044,0.8576561785326724,0.38682253645305886,0.8713994709039456,0.9928988258739475,0.7458565109942252,0.4548611131158048,0.48293668096677833,0.1898211255507798
0.49172734850297584,0.5531308706707573,0.06341428388219361,0.8944918407389131,0.355977714591598,0.42042781365959936,0.24173555428687465,0.6197314008519136,0.7569295640248724,0.2032338351321309,0.03572740125842766,0.38573041021069276,0.5980688442560353,0.7491148042960287,0.15162690161493786,0.8781576476950549,0.923416030792835,0.9308241282424499,0.10770930637896192,0.6476350224692526,0.8076099187967422,0.2661868699922303,0.3579905722523683,0.9859172514784681,0.40749796139970806,0.37833314810917584,0.16398019944664177,0.12566366204410817,0.8855624652293613,0.536784630779663,0.4094861697516069,0.9978963228746128,0.6508685702508976,0.8145833127927714,0.7600963205527773,0.15595426874904605,0.3805987087095981,0.09392474123423133,0.18909303625026797,0.3673477443810542,0.6767854176800142,0.6614895613987438,0.5448493169073244,0.14860285427685782,0.04149716085934996,0.7086389754995277,0.41534289631227506,0.9515829242119254,0.31859486105660373,0.30186444054802564
0.13481074952332617,0.09621568359713895,0.8445634617023893,0.7069551167586519,0.5438324179174756,0.525472478642388,0.7839691467253901,0.9274732196957264,0.17095336910202397,0.5622445286929401,0.833680742742873,0.5337874740330659,0.5209642796334835,0.7929136997526506,0.31795990737838065,0.6282020775819851,0.5731368645953299,0.018526616688659958,0.15923067053099216,0.6125208601063833,0.06405618798664048,0.853774384731685,0.15620090286045196,0.002119886151087047,0.9524238896394425,0.27059134375363525,0.38258582687900855,0.47161770712422435,0.10923809586731781,0.13325988620126883,0.8467263778047646,0.6604712717602492,0.8384443570288712,0.250947605925117,0.03386459373738793,0.5840861174279244,0.8466783567927466,0.5316114471970478,0.39469459169214594,0.303252429061302,0.4636497303524838,0.6544393727713961,0.2597639466255349,0.1446291370981887,0.4470241834815004,0.14054885934936112,0.5094913445298076,0.5545727426032787,0.03268708041926238,0.43851236862159915
0.7484099815688289,0.4937010002886888,0.3671318125413957,0.06545386922028418,0.25725868382391026,0.22273830080420431,0.9662561245091859,0.3756960187847327,0.50877494468353,0.6558852672002732,0.9474010700473277,0.4690652402388107,0.7600532053576614,0.4454708919677415,0.9080057473091965,0.1847951268989273,0.5533344715808177,0.6644368189234732,0.42677827139630553,0.2123284679086257,0.6240287739020838,0.05845418716355677,0.8187116229695717,0.11662195555233623,0.04995861120000111,0.8872260910896299,0.8764027486483291,0.9591754027176768,0.19712459250921244,0.5589008194965548,0.34497376165166727,0.24215172341567603,0.7682167151608653,0.7128115017595457,0.5883307942512646,0.5669757828339986,0.4569865175572193,0.9403567176890117,0.9494091829512309,0.3172278759627575,0.8557485239599132,0.2577640687447582,0.14723922886744034,0.9375711335869236,0.20479276911965894,0.2933618517361102,0.9716240179654122,0.5429023523578633,0.9694846258016626,0.9715789307241751
0.28147558374277715,0.09606261105737801,0.0915664015485328,0.38357663659956953,0.9645132660399713,0.8172268256508074,0.8976944217652292,0.8596092081507731,0.059193425487627294,0.6217516849820031,0.3284859934281239,0.39603576834526155,0.08849683744071102,0.8231126180085409,0.3493738076156643,0.9776459342780593,0.047680908862322124,0.54716219919582,0.8280877186048672,0.4149156024791121,0.21109353285873578,0.4619129841120868,0.1780767129496853,0.8824539508087041,0.004072608897182528,0.7335686950302299,0.668446450198689,0.28858370543487677,0.12532089946777025,0.5291250521997082,0.3883443197282471,0.4284125486779271,0.8139800759442215,0.7884809646071336,0.031631004527452156,0.8169878381960098,0.09223870548300084,0.8659597105573416,0.6283290296096884,0.4513969636593007,0.3855363664580973,0.037435281973574264,0.693050038278291,0.18286159013992664,0.013678051264683355,0.39634144599484766,0.9672843622005097,0.5096822155409018,0.23016514647804853,0.9503978107738661
0.9843479791706622,0.904030271924057,0.22596666002484445,0.033498665666084504,0.5028210900799593,0.47820669566484797,0.016569476520585047,0.9877367616073077,0.3424888633374076,0.20919425867367314,0.7725056808774944,0.9043323514073605,0.739805662425779,0.2330238564081848,0.10754510783826143,0.8820705631968669,0.764018944009081,0.3235516467344085,0.302518417108001,0.9214306953979047,0.9976540720995833,0.18788750845500024,0.07991449617099822,0.147520617720455,0.09697862411975422,0.27736701625798044,0.6918178146627391,0.48623451550779095,0.15381976520575513,0.6889848578500644,0.6845372443548501,0.620597549964145,0.9481374311130424,0.030216158642880853,0.2678035457356216,0.4131518926014094,0.9716521125331028,0.38252937684046806,0.6450979984559048,0.8667221927445758,0.4480967617762516,0.3451087122706049,0.11175484178976713,0.9662775935146174,0.7291744741321657,0.9156538980777337,0.9543424886702414,0.07868340931976792,0.9755330850345804,0.34433750933688334
0.4840022270815625,0.8371603251322426,0.6627785783544352,0.4815809205355541,0.27191600435339913,0.12863194067531214,0.4004113958863059,0.03734731327807417,0.6558889024086704,0.9166183606900069,0.6250906266441357,0.5304292946472093,0.610811227445947,0.18566850550852498,0.8308009227967382,0.7944376050570625,0.7352346367274833,0.28267331226630044,0.7186165812718847,0.17203215403210714,0.4847482130419877,0.8778252692390215,0.5063414682754761,0.4170564590537862,0.8465325106077246,0.7371287889826977,0.9816506268507212,0.20780498834447725,0.29765238707821673,0.5297884836447561,0.7028484744698309,0.4768928259623326,0.08708192715836538,0.6138639663748195,0.09736686307330555,0.818598277819066,0.522209318281724,0.5208945210129518,0.16413071853252947,0.9527263571775992,0.12300294351744345,0.3587192191170484,0.5855690231841718,0.0669103869886386,0.5951991296658392,0.4309211460748279,0.23299806893140929,0.30554364675305423,0.5250853683036653,0.9875322906670186
0.044548532467915125,0.5123326770822416,0.21306242605321057,0.71206327657148,0.6037791619464197,0.11965037853513927,0.3532776323280681,0.6481276309898849,0.7241910072611417,0.5759680120402767,0.5009920756257689,0.6672754441759654,0.12907483394203034,0.8787197094510865,0.5961324485823164,0.605466105207694,0.00648092714029691,0.2946068573136147,0.8253356613675431,0.12761344875295721,0.04530855041615578,0.11949719885001109,0.5946868458834559,0.5642837077937829,0.16972900636912458,0.6085305112189276,0.7304504207819332,0.37962509273597345,0.002814108237628843,0.0879326627559831,0.3037909695655867,0.40828309443705835,0.3773490184949828,0.8549266216081446,0.7906684065602283,0.2475084062596229,0.04673335869520645,0.4846726584971017,0.8661889808572815,0.8771878290433667,0.7264979588678794,0.39150743557206413,0.7441505613525251,0.36925008140666205,0.8565742037864358,0.7729311289418721,0.33223255568348353,0.5576763830757043,0.8371172077229846,0.36206203872975773
0.7536509394679709,0.8867182261498004,0.056979891556638185,0.26036406000084034,0.6811071396910926,0.7145981895712199,0.5766632625201781,0.9396472126469991,0.20022384012201422,0.47167567211435946,0.3988416824030657,0.1087425147192913,0.4631666412338864,0.2515465021158022,0.2552118961840516,0.8976413367205344,0.2147668954830515,0.8587752010034857,0.7605644096925916,0.19122334710369238,0.7399780339395555,0.9752325582870296,0.23185250725735562,0.7716964199242525,0.4601703193946831,0.46779777314100723,0.27533422928907325,0.4199418436367339,0.1298182831857615,0.6758624257723175,0.13767605404655314,0.4381386480403844,0.7669121505850144,0.9580218743253046,0.5029547009610145,0.9050032081724056,0.6125842818061862,0.22425271466700114,0.301670073605383,0.9377315109814459,0.8415371224835203,0.9914919523106223,0.05914088533231776,0.2695834185248773,0.563403676055432,0.29608394604998367,0.6948363194599367,0.049305073392508336,0.923853574965208,0.02570892419583315
0.8619422362275245,0.8708085573877771,0.9960745063914175,0.09371673579545658,0.7924473617035213,0.12646586794806725,0.9239484060116915,0.030634789825194964,0.8882333008186388,0.975505682625477,0.27885079088341813,0.2860715183149797,0.016830182455443876,0.8651114758008102,0.29052306765780267,0.3596429650262367,0.6283803307869168,0.47822953906314236,0.3845655077990545,0.48358208215464216,0.4586063030587786,0.7992209254997332,0.04840379017581442,0.8953315611845856,0.5936639369085954,0.005301968226763987,0.24944726330212907,0.7086444566730787,0.468990443914045,0.25434458629943424,0.23428592032934392,0.719400920904961,0.8483645600626198,0.0810332218671157,0.7167989426416301,0.2623321626537062,0.8170851318908265,0.8595551001050465,0.4072114668045337,0.8028268853726049,0.31525460388343873,0.5505044879990717,0.6233871952060888,0.6587528703116948,0.8310141590571954,0.8047331505510904,0.9076259686001654,0.31091495075672726,0.9404614569558266,0.019419447581706994
0.18213880173478914,0.8473329372105902,0.7924572110378278,0.44736948369856777,0.5362878296241611,0.5687672446314704,0.500998865226892,0.4799168256662676,0.5373978707277679,0.7443512197315583,0.9334830312869979,0.28841206387018203,0.8252722289411708,0.5209619725450477,0.5905395615507231,0.2637360517210492,0.5086318694271631,0.8403522565925592,0.48508578311664263,0.9236644404505735,0.5975511875493907,0.21486248091179283,0.33722253337553065,0.8342165926070554,0.3358039719169449,0.9017645622408467,0.05730306228777293,0.03444707631039279,0.09803498099747054,0.9826673508989389,0.8797277475448056,0.11786956062709686,0.2663878527846447,0.3270243260403578,0.13002192370383114,0.6172418311081719,0.9521566470090499,0.18228088744908866,0.16686983269361533,0.4127094415824213,0.2897285143030952,0.2096699031897873,0.9509974954842846,0.699646618161359,0.9843119659527019,0.1607246633500109,0.8510380664084236,0.009611215310509125,0.4501492767672549,0.20407320269587803
0.21727521915920356,0.054884397973337884,0.9386502983798239,0.15333121220259605,0.8871734757227719,0.16085161995517294,0.2917369920357432,0.8087020306721182,0.3790874251154316,0.6198453092703388,0.45516476004666506,0.6697681132468811,0.5171804052558445,0.2863525009302934,0.8032341712499593,0.5122310197001259,0.2002354834649661,0.11139555285889113,0.6153623623504091,0.2361593831259915,0.1418966126718325,0.21869219289097308,0.10700549698587669,0.7665061515266162,0.0967859095292275,0.9466211116745815,0.04065193470302175,0.21790199418092737,0.7014139171582052,0.9947912435147629,0.6270513372407712,0.7209018426820176,0.9705903330921913,0.016958272295229615,0.9559755405889875,0.5582505038021739,0.5367544569227117,0.9755087957351978,0.30412090157275784,0.06466842548191942,0.5489148823385538,0.08476124284323194,0.039033592584476584,0.3394801385387982,0.5751470843027415,0.8073417113032729,0.7677352447617853,0.7341554231544821,0.41995475217607414,0.01001025437829417
0.14389013741468704,0.20075852873833733,0.6187204001596568,0.4226996393857251,0.26449270391399504,0.22942687483823565,0.8391965861870222,0.8737092316800915,0.3117978383387453,0.6150592677922567,0.49548588492490186,0.47808708999416105,0.345779057403956,0.7469313668489236,0.46664394121273534,0.5152254932906634,0.8215562158393727,0.21705858173574333,0.9935537900708994,0.840787864105475,0.8722994985313351,0.48192707813654334,0.3897006813122643,0.17330817428519496,0.7001976041180143,0.6452476182222388,0.6727369513618288,0.6603862681646595,0.2522837857221435,0.03716819256990034,0.8189938432060698,0.10256704368312475,0.2530086927553421,0.2977703650401371,0.022188575787340792,0.376936958925982,0.8424817816456524,0.6691345842483863,0.8394477850521643,0.5311787531174634,0.838104354603907,0.5712465229756607,0.2685148184577083,0.3384553829361291,0.27270153946949804,0.9219807515805356,0.45045487429228737,0.9499061101987905,0.167498961223287,0.6218285095561994
0.9367970525408201,0.4177451326471626,0.5501042544306809,0.6480740838235659,0.5950117220467415,0.2932145610358088,0.030973540036778102,0.9679544339895892,0.19342525510528685,0.9568714982404077,0.155741370932581,0.019227074859801574,0.3553330998312667,0.4410319681331122,0.678453801417872,0.3118971373388916,0.12079946532223418,0.03936542409819421,0.18038881134899198,0.39076256288102806,0.36638003973504873,0.3262922190388656,0.6819168388621486,0.182336735336186,0.40039272516707214,0.5582933636404612,0.9710338419279323,0.9074085221272711,0.5148636130550098,0.6035371965251703,0.1841576254832935,0.9419103581010013,0.7502574984632827,0.794566164061239,0.7485331094874402,0.11605799144989781,0.20730090699095738,0.14046189626794592,0.042584888244238894,0.07272848634805107,0.5237186945618045,0.5079139802845893,0.7916057833801221,0.2166798340639623,0.7413303969575671,0.5290604584603172,0.9318916368457385,0.7462684494954547,0.8477697340918579,0.9710264985385416
0.42310804928478685,0.4725683391479457,0.2413081263393222,0.48834995517878554,0.6352415070589622,0.0481689314167113,0.05931585838083331,0.6431223468091987,0.47703094884536645,0.6886457366435208,0.4418505069467513,0.3918511631000706,0.9705753660512378,0.6094362483571597,0.843293382167807,0.9987859626591238,0.4095548631451522,0.6836560847452966,0.7169395689153265,0.4868702346528434,0.14808427358995113,0.85018586513409,0.9046555035293845,0.26212203637388176,0.11566485918756941,0.8475356548112323,0.6649832112246543,0.7035824133264573,0.6172913724460524,0.7179587377882879,0.2843769422880166,0.1417719122659974,0.9560351135596394,0.16682202153859071,0.06751392279698165,0.9755636151010034,0.250277204763113,0.6140154441059184,0.04703503645055351,0.7719856019252794,0.9460652112505438,0.2917055740596223,0.8567089156279315,0.9651768187526508,0.5016804395749341,0.2604585392240891,0.44438571355169443,0.7776354011999322,0.18259663368863366,0.8940518914611427
0.7167830721015398,0.8298418539936784,0.2219454198840226,0.4206381631831635,0.006130009059650887,0.9924832234597102,0.40866387283038375,0.1931911184251356,0.9879989072286148,0.08883770377204658,0.7383932905255566,0.029631713235393597,0.7319862460416725,0.07065659820224324,0.7584578311414923,0.5409657775989625,0.45996562405562846,0.6432769213889231,0.47423414413634624,0.4267607191520796,0.2113340761085476,0.8243107522595268,0.7893623173051714,0.4372250698762691,0.800151992566205,0.42501036064276765,0.4839647500834269,0.5018925241699965,0.4522922721399566,0.09204432837292387,0.021321446424471646,0.3454164118746087,0.912058661909063,0.004069633658709049,0.44044956738767593,0.4121047785325018,0.14510826681567635,0.8206063981592243,0.4858620610229142,0.6039685117749654,0.9749279844980592,0.36894119005020054,0.9215635894679501,0.5546429029990775,0.7522454883506394,0.09983870800356909,0.4896141705273708,0.04557039379682437,0.5216612778152968,0.4057817658307219
0.6029821140179942,0.24990174324791448,0.5518917707727548,0.7810560827528522,0.2523011787279541,0.5679913079283607,0.3986080125213438,0.8419387395501956,0.03811970193195269,0.7980400428999765,0.8389786540674768,0.5505770869791936,0.7556531006112939,0.7887599645370862,0.30161626852819645,0.7403288969657663,0.7025660395620609,0.08111738884902742,0.5706321959493049,0.1172800479476026,0.7834988662416839,0.6340184184154735,0.7501403282935877,0.5412660383756644,0.45965197271227776,0.24128778111044424,0.2908184900895594,0.325869130454176,0.7395204443915667,0.14798470466842595,0.3784349651403346,0.0857018403692823,0.3774626173186062,0.9829711805203762,0.30268832005841095,0.11763155259700186,0.2593516948233948,0.4315611624270307,0.3307102940130813,0.7891258669712032,0.7498933295473962,0.9072328640756905,0.30538971837442797,0.3591568897564571,0.40580904103247983,0.2641241681175601,0.1881489617825507,0.7689278509735972,0.8930048292172117,0.23747520892547247
